{"m": 7.347593525667044, "b": -1.0441901402395122}